link,timestamp,Facebook user id
http://eepurl.com/5-UTj,2015-12-01T00:49:29+0000,10204928601969051
http://thenextweb.com/apps/2015/12/05/stumbleupon-is-shuttering-its-video-discovery-service-5by/,2015-12-05T14:31:23+0000,10153812585936983
http://www.contemporist.com/2015/11/05/this-mother-and-engineer-designed-a-tool-to-help-clean-her-kids-muddy-shoes/,2015-11-07T11:50:01+0000,1545373155752971
http://www.contemporist.com/2015/11/05/this-mother-and-engineer-designed-a-tool-to-help-clean-her-kids-muddy-shoes/,2015-11-07T11:50:01+0000,10106938356110610
http://www.contemporist.com/2015/11/05/this-mother-and-engineer-designed-a-tool-to-help-clean-her-kids-muddy-shoes/,2015-11-07T11:50:01+0000,10103939496469353
http://www.georgetown.edu/Bernie-Sanders-at-GU-2015,2015-11-19T19:49:17+0000,1671835479764810
http://www.contemporist.com/2015/11/05/this-mother-and-engineer-designed-a-tool-to-help-clean-her-kids-muddy-shoes/,2015-11-07T11:50:01+0000,10156242194405623
http://bit.ly/1MQyEph,2015-11-17T20:51:01+0000,10156332981755088
http://bit.ly/1MQyEph,2015-11-17T20:51:01+0000,10156250642310398
http://bit.ly/1MQyEph,2015-11-17T20:51:01+0000,10206515413177127
http://bit.ly/1NOSnEY,2015-11-05T20:19:08+0000,10153197032797036
http://bit.ly/1NOSnEY,2015-11-05T20:19:08+0000,10153795555124439
http://bit.ly/1NOSnEY,2015-11-05T20:19:08+0000,10205329434931196
http://bit.ly/1NOSnEY,2015-11-05T20:19:08+0000,10153135499811780
http://bit.ly/1NOSnEY,2015-11-05T20:19:08+0000,10156334707195790
http://bit.ly/1NOSnEY,2015-11-05T20:19:08+0000,10153711349575120
http://bit.ly/1NOSnEY,2015-11-05T20:19:08+0000,844786075643085
http://bit.ly/1NOSnEY,2015-11-05T20:19:08+0000,10207975278002545
http://www.contemporist.com/2015/11/05/this-mother-and-engineer-designed-a-tool-to-help-clean-her-kids-muddy-shoes/,2015-11-07T11:50:01+0000,10156392546555128
http://milkbarstore.com/main/menu/,2015-10-25T00:56:20+0000,10156322773335525
https://soundcloud.com/rickyrozaymmg/rick-ross-foreclosures,2015-08-31T22:29:30+0000,10208132088358721
http://www.producthunt.com/live/james-altucher,2015-08-20T18:08:46+0000,10153275000738310
http://www.fastcompany.com/3041330/body-week/the-newest-eating-disorder-to-maybe-enter-dsm-orthorexia,2015-07-27T04:52:05+0000,10203684330908038
http://vinylify.com/?ref=producthunt,2015-07-25T20:36:34+0000,997495200311887
http://vinylify.com/?ref=producthunt,2015-07-25T20:36:34+0000,10153822141621934
https://instagram.com/p/480416DytL/,2015-07-16T08:05:09+0000,10153613827185067
https://instagram.com/p/480416DytL/,2015-07-16T08:05:09+0000,10156204947150456
https://youtu.be/gU0yE-X1Gbw?t=52m6s,2015-07-01T00:48:29+0000,10153822141621934
https://youtu.be/bnsCaSfEXe0,2015-06-27T06:22:38+0000,10156322773335525
https://youtu.be/bnsCaSfEXe0,2015-06-27T06:22:38+0000,944350238986509
https://youtu.be/bnsCaSfEXe0,2015-06-27T06:22:38+0000,10104458769177671
http://www.businessinsider.com/what-whole-30-diet-is-like-2015-6,2015-06-25T21:27:29+0000,10207020998976359
https://m.soundcloud.com/hearstartup,2015-05-17T01:06:36+0000,10153674088150446
http://www.contemporist.com/2015/11/05/this-mother-and-engineer-designed-a-tool-to-help-clean-her-kids-muddy-shoes/,2015-11-07T11:50:01+0000,447772065429600
http://www.contemporist.com/2015/11/05/this-mother-and-engineer-designed-a-tool-to-help-clean-her-kids-muddy-shoes/,2015-11-07T11:50:01+0000,10153472755359652
http://www.contemporist.com/2015/11/05/this-mother-and-engineer-designed-a-tool-to-help-clean-her-kids-muddy-shoes/,2015-11-07T11:50:01+0000,10208598304383234
http://www.contemporist.com/2015/11/05/this-mother-and-engineer-designed-a-tool-to-help-clean-her-kids-muddy-shoes/,2015-11-07T11:50:01+0000,10153713342226153
http://www.contemporist.com/2015/11/05/this-mother-and-engineer-designed-a-tool-to-help-clean-her-kids-muddy-shoes/,2015-11-07T11:50:01+0000,10156329158660422
https://my.greenparty.org.uk/civicrm/membership/joining,2015-06-29T07:52:43+0000,10153812585936983
http://www.contemporist.com/2015/11/05/this-mother-and-engineer-designed-a-tool-to-help-clean-her-kids-muddy-shoes/,2015-11-07T11:50:01+0000,10153767674511354
https://www.youtube.com/watch?v=mj-ABk_DctE,2015-12-04T15:00:07+0000,10207868440730414
https://www.youtube.com/watch?v=mj-ABk_DctE,2015-12-04T15:00:07+0000,10156243310050177
https://www.youtube.com/watch?v=mj-ABk_DctE,2015-12-04T15:00:07+0000,724210877714245
https://www.youtube.com/watch?v=mj-ABk_DctE,2015-12-04T15:00:07+0000,10153291959890963
https://www.youtube.com/watch?v=mj-ABk_DctE,2015-12-04T15:00:07+0000,10153549835694823
https://www.youtube.com/watch?v=mj-ABk_DctE,2015-12-04T15:00:07+0000,10153176593391791
https://www.youtube.com/watch?v=mj-ABk_DctE,2015-12-04T15:00:07+0000,10103066528459489
https://www.youtube.com/watch?v=mj-ABk_DctE,2015-12-04T15:00:07+0000,10156313915675323
https://www.youtube.com/watch?v=mj-ABk_DctE,2015-12-04T15:00:07+0000,10207022953146511
http://try.innovety.com/iom-training/,2015-11-29T15:11:12+0000,913354275438432
http://try.innovety.com/iom-training/,2015-11-29T15:11:12+0000,919148744833294
http://try.innovety.com/iom-training/,2015-11-29T15:11:12+0000,10208063300520595
http://try.innovety.com/iom-training/,2015-11-29T15:11:12+0000,10208344307874121
http://try.innovety.com/iom-training/,2015-11-29T15:11:12+0000,10156305748650387
http://try.innovety.com/iom-training/,2015-11-29T15:11:12+0000,581175212036671
http://try.innovety.com/iom-training/,2015-11-29T15:11:12+0000,10206281919381848
http://try.innovety.com/iom-training/,2015-11-29T15:11:12+0000,10156375638215492
http://try.innovety.com/iom-training/,2015-11-29T15:11:12+0000,10207026356110272
http://try.innovety.com/iom-training/,2015-11-29T15:11:12+0000,851152382986
http://try.innovety.com/iom-training/,2015-11-29T15:11:12+0000,10153438831837763
http://try.innovety.com/iom-training/,2015-11-29T15:11:12+0000,10153179555967805
http://try.innovety.com/iom-training/,2015-11-29T15:11:12+0000,10205466491996833
http://try.innovety.com/iom-training/,2015-11-29T15:11:12+0000,1526165027699508
http://www.egyptinnovate.com/intro,2015-10-11T01:10:37+0000,10154054694125166
http://egyptinnovates.com/,2015-10-11T01:10:37+0000,10154054694125166
http://www.egyptinnovate.com/intro,2015-10-11T01:10:37+0000,10156243310050177
http://egyptinnovates.com/,2015-10-11T01:10:37+0000,10156243310050177
http://www.egyptinnovate.com/intro,2015-10-11T01:10:37+0000,10156320364180608
http://egyptinnovates.com/,2015-10-11T01:10:37+0000,10156320364180608
http://www.egyptinnovate.com/intro,2015-10-11T01:10:37+0000,10102872050370086
http://egyptinnovates.com/,2015-10-11T01:10:37+0000,10102872050370086
http://www.egyptinnovate.com/intro,2015-10-11T01:10:37+0000,10102525587479433
http://egyptinnovates.com/,2015-10-11T01:10:37+0000,10102525587479433
http://www.egyptinnovate.com/intro,2015-10-11T01:10:37+0000,10208137305899639
http://egyptinnovates.com/,2015-10-11T01:10:37+0000,10208137305899639
http://www.egyptinnovate.com/intro,2015-10-11T01:10:37+0000,10153709485814788
http://egyptinnovates.com/,2015-10-11T01:10:37+0000,10153709485814788
http://www.egyptinnovate.com/intro,2015-10-11T01:10:37+0000,10156196726115562
http://egyptinnovates.com/,2015-10-11T01:10:37+0000,10156196726115562
http://www.egyptinnovate.com/intro,2015-10-11T01:10:37+0000,10154420046434057
http://egyptinnovates.com/,2015-10-11T01:10:37+0000,10154420046434057
http://www.egyptinnovate.com/intro,2015-10-11T01:10:37+0000,10156264614565527
http://egyptinnovates.com/,2015-10-11T01:10:37+0000,10156264614565527
http://www.egyptinnovate.com/intro,2015-10-11T01:10:37+0000,10156276106760075
http://egyptinnovates.com/,2015-10-11T01:10:37+0000,10156276106760075
http://www.egyptinnovate.com/intro,2015-10-11T01:10:37+0000,10153154914181345
http://egyptinnovates.com/,2015-10-11T01:10:37+0000,10153154914181345
http://www.egyptinnovate.com/intro,2015-10-11T01:10:37+0000,10154369245289307
http://egyptinnovates.com/,2015-10-11T01:10:37+0000,10154369245289307
http://www.egyptinnovate.com/intro,2015-10-11T01:10:37+0000,10153179555967805
http://egyptinnovates.com/,2015-10-11T01:10:37+0000,10153179555967805
http://www.egyptinnovate.com/intro,2015-10-11T01:10:37+0000,10153727038785281
http://egyptinnovates.com/,2015-10-11T01:10:37+0000,10153727038785281
http://www.egyptinnovate.com/intro,2015-10-11T01:10:37+0000,10156253879920405
http://egyptinnovates.com/,2015-10-11T01:10:37+0000,10156253879920405
http://www.egyptinnovate.com/intro,2015-10-11T01:10:37+0000,10153576561047107
http://egyptinnovates.com/,2015-10-11T01:10:37+0000,10153576561047107
http://www.egyptinnovate.com/intro,2015-10-11T01:10:37+0000,10153820388614589
http://egyptinnovates.com/,2015-10-11T01:10:37+0000,10153820388614589
http://www.egyptinnovate.com/intro,2015-10-11T01:10:37+0000,10153080716382084
http://egyptinnovates.com/,2015-10-11T01:10:37+0000,10153080716382084
http://www.egyptinnovate.com/intro,2015-10-11T01:10:37+0000,10153847093787450
http://egyptinnovates.com/,2015-10-11T01:10:37+0000,10153847093787450
http://www.egyptinnovate.com/intro,2015-10-11T01:10:37+0000,995407447164974
http://egyptinnovates.com/,2015-10-11T01:10:37+0000,995407447164974
http://www.egyptinnovate.com/intro,2015-10-11T01:10:37+0000,10156212789115123
http://egyptinnovates.com/,2015-10-11T01:10:37+0000,10156212789115123
http://www.egyptinnovate.com/intro,2015-10-11T01:10:37+0000,10153614108075783
http://egyptinnovates.com/,2015-10-11T01:10:37+0000,10153614108075783
http://www.egyptinnovate.com/intro,2015-10-11T01:10:37+0000,10156302757905500
http://egyptinnovates.com/,2015-10-11T01:10:37+0000,10156302757905500
http://www.egyptinnovate.com/intro,2015-10-11T01:10:37+0000,10153763812395350
http://egyptinnovates.com/,2015-10-11T01:10:37+0000,10153763812395350
http://www.egyptinnovate.com/intro,2015-10-11T01:10:37+0000,10153446566954620
http://egyptinnovates.com/,2015-10-11T01:10:37+0000,10153446566954620
http://www.egyptinnovate.com/intro,2015-10-11T01:10:37+0000,732424285621
http://egyptinnovates.com/,2015-10-11T01:10:37+0000,732424285621
http://www.egyptinnovate.com/intro,2015-10-11T01:10:37+0000,889690037817395
http://egyptinnovates.com/,2015-10-11T01:10:37+0000,889690037817395
http://www.egyptinnovate.com/intro,2015-10-11T01:10:37+0000,1646108235669641
http://egyptinnovates.com/,2015-10-11T01:10:37+0000,1646108235669641
http://www.egyptinnovate.com/intro,2015-10-11T01:10:37+0000,10156325433320243
http://egyptinnovates.com/,2015-10-11T01:10:37+0000,10156325433320243
http://www.egyptinnovate.com/intro,2015-10-11T01:10:37+0000,10153647163511041
http://egyptinnovates.com/,2015-10-11T01:10:37+0000,10153647163511041
http://www.egyptinnovate.com/intro,2015-10-11T01:10:37+0000,10101311569276720
http://egyptinnovates.com/,2015-10-11T01:10:37+0000,10101311569276720
http://www.egyptinnovate.com/intro,2015-10-11T01:10:37+0000,10154089634979026
http://egyptinnovates.com/,2015-10-11T01:10:37+0000,10154089634979026
http://www.egyptinnovate.com/intro,2015-10-11T01:10:37+0000,10156741590195497
http://egyptinnovates.com/,2015-10-11T01:10:37+0000,10156741590195497
http://www.egyptinnovate.com/intro,2015-10-11T01:10:37+0000,10156334243005512
http://egyptinnovates.com/,2015-10-11T01:10:37+0000,10156334243005512
http://www.egyptinnovate.com/intro,2015-10-11T01:10:37+0000,10103066528459489
http://egyptinnovates.com/,2015-10-11T01:10:37+0000,10103066528459489
http://www.egyptinnovate.com/intro,2015-10-11T01:10:37+0000,10156285533830481
http://egyptinnovates.com/,2015-10-11T01:10:37+0000,10156285533830481
http://www.egyptinnovate.com/intro,2015-10-11T01:10:37+0000,10153321818447183
http://egyptinnovates.com/,2015-10-11T01:10:37+0000,10153321818447183
http://www.egyptinnovate.com/intro,2015-10-11T01:10:37+0000,10153123077402653
http://egyptinnovates.com/,2015-10-11T01:10:37+0000,10153123077402653
http://www.egyptinnovate.com/intro,2015-10-11T01:10:37+0000,10208192727918468
http://egyptinnovates.com/,2015-10-11T01:10:37+0000,10208192727918468
http://www.egyptinnovate.com/intro,2015-10-11T01:10:37+0000,10153736364868048
http://egyptinnovates.com/,2015-10-11T01:10:37+0000,10153736364868048
http://www.egyptinnovate.com/intro,2015-10-11T01:10:37+0000,10156380316185725
http://egyptinnovates.com/,2015-10-11T01:10:37+0000,10156380316185725
http://www.egyptinnovate.com/intro,2015-10-11T01:10:37+0000,10153549835694823
http://egyptinnovates.com/,2015-10-11T01:10:37+0000,10153549835694823
http://www.egyptinnovate.com/intro,2015-10-11T01:10:37+0000,839883479442214
http://egyptinnovates.com/,2015-10-11T01:10:37+0000,839883479442214
http://www.egyptinnovate.com/intro,2015-10-11T01:10:37+0000,1616795935271295
http://egyptinnovates.com/,2015-10-11T01:10:37+0000,1616795935271295
http://www.egyptinnovate.com/intro,2015-10-11T01:10:37+0000,10156253771865043
http://egyptinnovates.com/,2015-10-11T01:10:37+0000,10156253771865043
http://www.egyptinnovate.com/intro,2015-10-11T01:10:37+0000,876133552507710
http://egyptinnovates.com/,2015-10-11T01:10:37+0000,876133552507710
http://www.egyptinnovate.com/intro,2015-10-11T01:10:37+0000,851152432886
http://egyptinnovates.com/,2015-10-11T01:10:37+0000,851152432886
http://www.egyptinnovate.com/intro,2015-10-11T01:10:37+0000,10156248323715104
http://egyptinnovates.com/,2015-10-11T01:10:37+0000,10156248323715104
http://www.egyptinnovate.com/intro,2015-10-11T01:10:37+0000,851152382986
http://egyptinnovates.com/,2015-10-11T01:10:37+0000,851152382986
http://www.egyptinnovate.com/intro,2015-10-11T01:10:37+0000,10156349420685002
http://egyptinnovates.com/,2015-10-11T01:10:37+0000,10156349420685002
http://www.egyptinnovate.com/intro,2015-10-11T01:10:37+0000,10153395357634075
http://egyptinnovates.com/,2015-10-11T01:10:37+0000,10153395357634075
http://www.egyptinnovate.com/intro,2015-10-11T01:10:37+0000,10153780572376796
http://egyptinnovates.com/,2015-10-11T01:10:37+0000,10153780572376796
http://www.egyptinnovate.com/intro,2015-10-11T01:10:37+0000,10153845372003793
http://egyptinnovates.com/,2015-10-11T01:10:37+0000,10153845372003793
http://www.egyptinnovate.com/intro,2015-10-11T01:10:37+0000,10156342541890445
http://egyptinnovates.com/,2015-10-11T01:10:37+0000,10156342541890445
http://www.egyptinnovate.com/intro,2015-10-11T01:10:37+0000,10208344307874121
http://egyptinnovates.com/,2015-10-11T01:10:37+0000,10208344307874121
http://www.egyptinnovate.com/intro,2015-10-11T01:10:37+0000,10153776131396228
http://egyptinnovates.com/,2015-10-11T01:10:37+0000,10153776131396228
http://www.egyptinnovate.com/intro,2015-10-11T01:10:37+0000,10153513984927562
http://egyptinnovates.com/,2015-10-11T01:10:37+0000,10153513984927562
http://www.egyptinnovate.com/intro,2015-10-11T01:10:37+0000,10153202165225785
http://egyptinnovates.com/,2015-10-11T01:10:37+0000,10153202165225785
http://www.egyptinnovate.com/intro,2015-10-11T01:10:37+0000,10153316931964072
http://egyptinnovates.com/,2015-10-11T01:10:37+0000,10153316931964072
http://www.egyptinnovate.com/intro,2015-10-11T01:10:37+0000,10153720496191226
http://egyptinnovates.com/,2015-10-11T01:10:37+0000,10153720496191226
http://www.egyptinnovate.com/intro,2015-10-11T01:10:37+0000,760373360734315
http://egyptinnovates.com/,2015-10-11T01:10:37+0000,760373360734315
http://www.egyptinnovate.com/intro,2015-10-11T01:10:37+0000,10153828105428436
http://egyptinnovates.com/,2015-10-11T01:10:37+0000,10153828105428436
http://www.egyptinnovate.com/intro,2015-10-11T01:10:37+0000,10156332336740010
http://egyptinnovates.com/,2015-10-11T01:10:37+0000,10156332336740010
http://www.egyptinnovate.com/intro,2015-10-11T01:10:37+0000,10150641622194963
http://egyptinnovates.com/,2015-10-11T01:10:37+0000,10150641622194963
http://www.egyptinnovate.com/intro,2015-10-11T01:10:37+0000,10153828651008453
http://egyptinnovates.com/,2015-10-11T01:10:37+0000,10153828651008453
http://www.egyptinnovate.com/intro,2015-10-11T01:10:37+0000,10156375638215492
http://egyptinnovates.com/,2015-10-11T01:10:37+0000,10156375638215492
http://www.egyptinnovate.com/intro,2015-10-11T01:10:37+0000,10153172774677031
http://egyptinnovates.com/,2015-10-11T01:10:37+0000,10153172774677031
http://www.egyptinnovate.com/intro,2015-10-11T01:10:37+0000,10153237580393263
http://egyptinnovates.com/,2015-10-11T01:10:37+0000,10153237580393263
http://www.egyptinnovate.com/intro,2015-10-11T01:10:37+0000,10153727836269431
http://egyptinnovates.com/,2015-10-11T01:10:37+0000,10153727836269431
http://www.egyptinnovate.com/intro,2015-10-11T01:10:37+0000,10104820869665427
http://egyptinnovates.com/,2015-10-11T01:10:37+0000,10104820869665427
http://www.egyptinnovate.com/intro,2015-10-11T01:10:37+0000,10153759810311873
http://egyptinnovates.com/,2015-10-11T01:10:37+0000,10153759810311873
http://www.egyptinnovate.com/intro,2015-10-11T01:10:37+0000,10153348274518576
http://egyptinnovates.com/,2015-10-11T01:10:37+0000,10153348274518576
http://www.egyptinnovate.com/intro,2015-10-11T01:10:37+0000,10153116557565933
http://egyptinnovates.com/,2015-10-11T01:10:37+0000,10153116557565933
http://www.egyptinnovate.com/intro,2015-10-11T01:10:37+0000,10208024536912738
http://egyptinnovates.com/,2015-10-11T01:10:37+0000,10208024536912738
http://www.egyptinnovate.com/intro,2015-10-11T01:10:37+0000,10153245248331500
http://egyptinnovates.com/,2015-10-11T01:10:37+0000,10153245248331500
http://www.egyptinnovate.com/intro,2015-10-11T01:10:37+0000,10153344189242877
http://egyptinnovates.com/,2015-10-11T01:10:37+0000,10153344189242877
http://www.egyptinnovate.com/intro,2015-10-11T01:10:37+0000,10208594880815746
http://egyptinnovates.com/,2015-10-11T01:10:37+0000,10208594880815746
http://www.egyptinnovate.com/intro,2015-10-11T01:10:37+0000,10156415294325294
http://egyptinnovates.com/,2015-10-11T01:10:37+0000,10156415294325294
https://abc.xyz/,2015-08-11T00:34:18+0000,10153321818447183
https://abc.xyz/,2015-08-11T00:34:18+0000,10153513984927562
https://abc.xyz/,2015-08-11T00:34:18+0000,10153123077402653
https://abc.xyz/,2015-08-11T00:34:18+0000,10153553142452745
https://abc.xyz/,2015-08-11T00:34:18+0000,10156320540260302
https://abc.xyz/,2015-08-11T00:34:18+0000,10206136359302048
https://www.kickstarter.com/projects/dopplerlabs/here-active-listening-change-the-way-you-hear-the/description,2015-07-09T22:52:27+0000,898971786819055
https://www.kickstarter.com/projects/dopplerlabs/here-active-listening-change-the-way-you-hear-the/description,2015-07-09T22:52:27+0000,10153086450681986
https://www.youtube.com/watch?v=aZJRe8zHJHQ,2015-06-20T00:43:13+0000,10153673718686043
https://www.youtube.com/watch?v=Hy13l2XDoLo,2015-04-26T10:44:04+0000,10101238197760281
http://elitedaily.com/women/intelligent-women-likely-single/678309/,2015-04-06T12:57:18+0000,10206296234778158
http://elitedaily.com/women/intelligent-women-likely-single/678309/,2015-04-06T12:57:18+0000,1523752481272951
http://elitedaily.com/women/intelligent-women-likely-single/678309/,2015-04-06T12:57:18+0000,10100285103604661
http://elitedaily.com/women/intelligent-women-likely-single/678309/,2015-04-06T12:57:18+0000,10153224314099499
http://elitedaily.com/women/intelligent-women-likely-single/678309/,2015-04-06T12:57:18+0000,10104502277536529
http://elitedaily.com/women/intelligent-women-likely-single/678309/,2015-04-06T12:57:18+0000,761668143976652
http://elitedaily.com/women/intelligent-women-likely-single/678309/,2015-04-06T12:57:18+0000,10156208301685401
http://elitedaily.com/women/intelligent-women-likely-single/678309/,2015-04-06T12:57:18+0000,10156379360380604
http://elitedaily.com/women/intelligent-women-likely-single/678309/,2015-04-06T12:57:18+0000,732424290611
http://elitedaily.com/women/intelligent-women-likely-single/678309/,2015-04-06T12:57:18+0000,10153772792736880
http://elitedaily.com/women/intelligent-women-likely-single/678309/,2015-04-06T12:57:18+0000,10208370402401446
http://elitedaily.com/women/intelligent-women-likely-single/678309/,2015-04-06T12:57:18+0000,624086427734566
http://elitedaily.com/women/intelligent-women-likely-single/678309/,2015-04-06T12:57:18+0000,1071177516233822
http://elitedaily.com/women/intelligent-women-likely-single/678309/,2015-04-06T12:57:18+0000,927245400678991
http://elitedaily.com/women/intelligent-women-likely-single/678309/,2015-04-06T12:57:18+0000,10153238598136778
http://elitedaily.com/women/intelligent-women-likely-single/678309/,2015-04-06T12:57:18+0000,10153167011182377
http://elitedaily.com/women/intelligent-women-likely-single/678309/,2015-04-06T12:57:18+0000,10207056724913175
http://elitedaily.com/women/intelligent-women-likely-single/678309/,2015-04-06T12:57:18+0000,783081891814688
http://elitedaily.com/women/intelligent-women-likely-single/678309/,2015-04-06T12:57:18+0000,10207696151139005
http://elitedaily.com/women/intelligent-women-likely-single/678309/,2015-04-06T12:57:18+0000,10153742787603695
http://elitedaily.com/women/intelligent-women-likely-single/678309/,2015-04-06T12:57:18+0000,10156340627550204
http://www.auccaravan.com/?p=2836,2015-03-30T01:20:10+0000,851152442866
http://www.auccaravan.com/?p=2836,2015-03-30T01:20:10+0000,851152457836
http://www.auccaravan.com/?p=2836,2015-03-30T01:20:10+0000,10153478401678557
http://www.auccaravan.com/?p=2836,2015-03-30T01:20:10+0000,732424285621
http://www.auccaravan.com/?p=2836,2015-03-30T01:20:10+0000,10153673113805569
http://www.auccaravan.com/?p=2836,2015-03-30T01:20:10+0000,10153655606845049
http://www.auccaravan.com/?p=2836,2015-03-30T01:20:10+0000,10153202247055796
http://www.auccaravan.com/?p=2836,2015-03-30T01:20:10+0000,10153380138279151
https://www.youtube.com/watch?v=TDPaihYeE3M,2015-03-20T02:55:47+0000,10156253879920405
https://www.youtube.com/watch?v=TDPaihYeE3M,2015-03-20T02:55:47+0000,10102623674881604
https://www.youtube.com/watch?v=TDPaihYeE3M,2015-03-20T02:55:47+0000,10156332336740010
https://www.youtube.com/watch?v=TDPaihYeE3M,2015-03-20T02:55:47+0000,10156301565030191
http://www.egyptthefuture.com/speakers/,2015-03-06T14:40:07+0000,10153348274518576
http://techcrunch.com/2015/03/02/cairo-witnesses-a-new-kind-of-spring-the-egyptian-startup-spring/,2015-03-03T00:36:45+0000,10156334243005512
http://techcrunch.com/2015/03/02/cairo-witnesses-a-new-kind-of-spring-the-egyptian-startup-spring/,2015-03-03T00:36:45+0000,10153823466849917
http://techcrunch.com/2015/03/02/cairo-witnesses-a-new-kind-of-spring-the-egyptian-startup-spring/,2015-03-03T00:36:45+0000,10153285916678652
http://techcrunch.com/2015/03/02/cairo-witnesses-a-new-kind-of-spring-the-egyptian-startup-spring/,2015-03-03T00:36:45+0000,10207960068378007
http://techcrunch.com/2015/03/02/cairo-witnesses-a-new-kind-of-spring-the-egyptian-startup-spring/,2015-03-03T00:36:45+0000,10153647163511041
http://techcrunch.com/2015/03/02/cairo-witnesses-a-new-kind-of-spring-the-egyptian-startup-spring/,2015-03-03T00:36:45+0000,10153767169482603
http://techcrunch.com/2015/03/02/cairo-witnesses-a-new-kind-of-spring-the-egyptian-startup-spring/,2015-03-03T00:36:45+0000,10153729196954985
http://techcrunch.com/2015/03/02/cairo-witnesses-a-new-kind-of-spring-the-egyptian-startup-spring/,2015-03-03T00:36:45+0000,10156186769765577
http://techcrunch.com/2015/03/02/cairo-witnesses-a-new-kind-of-spring-the-egyptian-startup-spring/,2015-03-03T00:36:45+0000,1000355233356873
http://techcrunch.com/2015/03/02/cairo-witnesses-a-new-kind-of-spring-the-egyptian-startup-spring/,2015-03-03T00:36:45+0000,10153176593391791
http://techcrunch.com/2015/03/02/cairo-witnesses-a-new-kind-of-spring-the-egyptian-startup-spring/,2015-03-03T00:36:45+0000,10104820869665427
http://techcrunch.com/2015/03/02/cairo-witnesses-a-new-kind-of-spring-the-egyptian-startup-spring/,2015-03-03T00:36:45+0000,10153070337561511
http://techcrunch.com/2015/03/02/cairo-witnesses-a-new-kind-of-spring-the-egyptian-startup-spring/,2015-03-03T00:36:45+0000,10156415294325294
http://techcrunch.com/2015/03/02/cairo-witnesses-a-new-kind-of-spring-the-egyptian-startup-spring/,2015-03-03T00:36:45+0000,10156252288830065
http://techcrunch.com/2015/03/02/cairo-witnesses-a-new-kind-of-spring-the-egyptian-startup-spring/,2015-03-03T00:36:45+0000,10153549835694823
http://techcrunch.com/2015/03/02/cairo-witnesses-a-new-kind-of-spring-the-egyptian-startup-spring/,2015-03-03T00:36:45+0000,10153776131396228
http://techcrunch.com/2015/03/02/cairo-witnesses-a-new-kind-of-spring-the-egyptian-startup-spring/,2015-03-03T00:36:45+0000,10156544147725508
http://techcrunch.com/2015/03/02/cairo-witnesses-a-new-kind-of-spring-the-egyptian-startup-spring/,2015-03-03T00:36:45+0000,10153348274518576
http://techcrunch.com/2015/03/02/cairo-witnesses-a-new-kind-of-spring-the-egyptian-startup-spring/,2015-03-03T00:36:45+0000,493345274178459
https://www.youtube.com/watch?v=0uaquGZKx_0,2015-01-16T14:43:05+0000,10153275001113310
https://www.youtube.com/watch?v=0uaquGZKx_0,2015-01-16T14:43:05+0000,10153086450681986
https://www.youtube.com/watch?v=0uaquGZKx_0,2015-01-16T14:43:05+0000,10153348274518576
https://www.youtube.com/watch?v=0uaquGZKx_0,2015-01-16T14:43:05+0000,10153237580393263
http://www.contemporist.com/2015/11/05/this-mother-and-engineer-designed-a-tool-to-help-clean-her-kids-muddy-shoes/,2015-11-07T11:50:01+0000,10156192119920567
https://t.co/CPISAVRTDG,2015-11-26T17:17:35+0000,925181104227804
https://open.spotify.com/track/1vgSaC0BPlL6LEm4Xsx59J,2015-11-24T22:00:57+0000,925181104227804
http://go.nasa.gov/1PMcirt,2015-11-24T15:54:23+0000,925181104227804
http://go.nasa.gov/1PMcirt,2015-11-24T15:54:23+0000,10208019085815322
https://t.co/Yyi0MP2zLv,2015-11-21T21:46:39+0000,925181104227804
https://t.co/Yyi0MP2zLv,2015-11-21T21:46:39+0000,10153746733969655
https://t.co/M1wsxY0UJT,2015-11-21T19:57:28+0000,925181104227804
https://t.co/M1wsxY0UJT,2015-11-21T19:57:28+0000,1638901543040934
https://t.co/z5WlKopIQX,2015-11-21T14:46:05+0000,925181104227804
https://t.co/z5WlKopIQX,2015-11-21T14:46:05+0000,1638901543040934
https://t.co/ePFOR2KqPx,2015-11-18T21:55:40+0000,10153246960237135
https://t.co/ePFOR2KqPx,2015-11-18T21:55:40+0000,925181104227804
https://www.ethereum.org,2015-11-16T11:27:58+0000,925181104227804
https://t.co/gR1OO2TmPh,2015-11-13T10:57:00+0000,10156192119920567
https://t.co/e1XHjkZ2jF,2015-11-13T10:57:00+0000,10156192119920567
https://t.co/gR1OO2TmPh,2015-11-13T10:57:00+0000,10153246960237135
https://t.co/e1XHjkZ2jF,2015-11-13T10:57:00+0000,10153246960237135
https://t.co/gR1OO2TmPh,2015-11-13T10:57:00+0000,10153058279542574
https://t.co/e1XHjkZ2jF,2015-11-13T10:57:00+0000,10153058279542574
https://t.co/gR1OO2TmPh,2015-11-13T10:57:00+0000,925181104227804
https://t.co/e1XHjkZ2jF,2015-11-13T10:57:00+0000,925181104227804
http://devcon.ethereum.org,2015-11-06T09:19:54+0000,925181104227804
https://medium.com/@ConsenSys/programmable-blockchains-in-context-ethereum-s-future-cd8451eb421e,2015-11-05T11:57:16+0000,10156192119920567
https://medium.com/@ConsenSys/programmable-blockchains-in-context-ethereum-s-future-cd8451eb421e,2015-11-05T11:57:16+0000,543262712499750
https://medium.com/@ConsenSys/programmable-blockchains-in-context-ethereum-s-future-cd8451eb421e,2015-11-05T11:57:16+0000,10153101498976431
https://medium.com/@ConsenSys/programmable-blockchains-in-context-ethereum-s-future-cd8451eb421e,2015-11-05T11:57:16+0000,10205112932095141
https://medium.com/@ConsenSys/programmable-blockchains-in-context-ethereum-s-future-cd8451eb421e,2015-11-05T11:57:16+0000,925181104227804
https://t.co/4F8LUWf7PK,2015-11-05T09:03:07+0000,10205052424701370
https://t.co/4F8LUWf7PK,2015-11-05T09:03:07+0000,570403689775030
https://t.co/4F8LUWf7PK,2015-11-05T09:03:07+0000,925181104227804
https://t.co/AJEZmw0gTM,2015-11-04T22:27:28+0000,925181104227804
https://t.co/l08KLtaadB,2015-11-04T21:56:12+0000,925181104227804
https://t.co/rfdR4KRvLv,2015-11-04T19:48:32+0000,10153246960237135
https://t.co/1HsrGX0i35,2015-11-04T19:48:32+0000,10153246960237135
https://t.co/rfdR4KRvLv,2015-11-04T19:48:32+0000,925181104227804
https://t.co/1HsrGX0i35,2015-11-04T19:48:32+0000,925181104227804
https://t.co/rfdR4KRvLv,2015-11-04T19:48:32+0000,10153791290112938
https://t.co/1HsrGX0i35,2015-11-04T19:48:32+0000,10153791290112938
http://www.zerohedge.com/news/2015-11-03/bitcoin-surges-1-year-highs-100-china-capital-controls-august-lows,2015-11-03T19:53:28+0000,10204833813157934
http://www.zerohedge.com/news/2015-11-03/bitcoin-surges-1-year-highs-100-china-capital-controls-august-lows,2015-11-03T19:53:28+0000,10207277282982665
http://www.zerohedge.com/news/2015-11-03/bitcoin-surges-1-year-highs-100-china-capital-controls-august-lows,2015-11-03T19:53:28+0000,925181104227804
http://www.standard.co.uk/news/london/kingston-police-reveal-emergency-call-out-to-men-dressed-as-traffic-cones-a3104291.html,2015-11-01T20:58:15+0000,10156267575115006
http://www.standard.co.uk/news/london/kingston-police-reveal-emergency-call-out-to-men-dressed-as-traffic-cones-a3104291.html,2015-11-01T20:58:15+0000,10153737676637436
http://www.standard.co.uk/news/london/kingston-police-reveal-emergency-call-out-to-men-dressed-as-traffic-cones-a3104291.html,2015-11-01T20:58:15+0000,10156351214985437
http://www.standard.co.uk/news/london/kingston-police-reveal-emergency-call-out-to-men-dressed-as-traffic-cones-a3104291.html,2015-11-01T20:58:15+0000,10153304906567749
http://www.standard.co.uk/news/london/kingston-police-reveal-emergency-call-out-to-men-dressed-as-traffic-cones-a3104291.html,2015-11-01T20:58:15+0000,10103682173711243
http://www.standard.co.uk/news/london/kingston-police-reveal-emergency-call-out-to-men-dressed-as-traffic-cones-a3104291.html,2015-11-01T20:58:15+0000,10156192119920567
http://www.standard.co.uk/news/london/kingston-police-reveal-emergency-call-out-to-men-dressed-as-traffic-cones-a3104291.html,2015-11-01T20:58:15+0000,10153418007245674
http://www.standard.co.uk/news/london/kingston-police-reveal-emergency-call-out-to-men-dressed-as-traffic-cones-a3104291.html,2015-11-01T20:58:15+0000,10207985229978038
http://www.standard.co.uk/news/london/kingston-police-reveal-emergency-call-out-to-men-dressed-as-traffic-cones-a3104291.html,2015-11-01T20:58:15+0000,10153111338867085
http://www.standard.co.uk/news/london/kingston-police-reveal-emergency-call-out-to-men-dressed-as-traffic-cones-a3104291.html,2015-11-01T20:58:15+0000,10103185070589892
http://youtu.be/iaWUXmOd0eI,2015-11-01T11:58:49+0000,10153246960237135
http://youtu.be/iaWUXmOd0eI,2015-11-01T11:58:49+0000,10153414035214107
http://youtu.be/iaWUXmOd0eI,2015-11-01T11:58:49+0000,925181104227804
http://www.therugbypaper.co.uk/features/columnists/brendan-gallagher/23145/brendan-gallaghers-feature-record-breaker-richie-mccaw-was-on-a-different-level-from-the-start/,2015-10-31T08:56:20+0000,925181104227804
https://t.co/tumfRF8ruV,2015-10-31T08:50:17+0000,10205052424701370
https://t.co/lTxGIBSYGa,2015-10-31T08:50:17+0000,10205052424701370
https://t.co/tumfRF8ruV,2015-10-31T08:50:17+0000,10153246960237135
https://t.co/lTxGIBSYGa,2015-10-31T08:50:17+0000,10153246960237135
https://t.co/tumfRF8ruV,2015-10-31T08:50:17+0000,10156192119920567
https://t.co/lTxGIBSYGa,2015-10-31T08:50:17+0000,10156192119920567
https://t.co/tumfRF8ruV,2015-10-31T08:50:17+0000,714017358735927
https://t.co/lTxGIBSYGa,2015-10-31T08:50:17+0000,714017358735927
https://t.co/tumfRF8ruV,2015-10-31T08:50:17+0000,1076333855750471
https://t.co/lTxGIBSYGa,2015-10-31T08:50:17+0000,1076333855750471
https://t.co/tumfRF8ruV,2015-10-31T08:50:17+0000,10208297977153867
https://t.co/lTxGIBSYGa,2015-10-31T08:50:17+0000,10208297977153867
https://t.co/tumfRF8ruV,2015-10-31T08:50:17+0000,925181104227804
https://t.co/lTxGIBSYGa,2015-10-31T08:50:17+0000,925181104227804
http://youtu.be/30zrrBXPJoE,2015-10-31T08:15:50+0000,925181104227804
https://t.co/gi5uqJ0212,2015-10-30T13:35:09+0000,1638901543040934
https://t.co/gi5uqJ0212,2015-10-30T13:35:09+0000,925181104227804
https://t.co/IpgTF6s9M8,2015-10-29T18:11:50+0000,10204833813157934
https://t.co/IpgTF6s9M8,2015-10-29T18:11:50+0000,925181104227804
https://t.co/IpgTF6s9M8,2015-10-29T18:11:50+0000,1638901543040934
http://on.tcrn.ch/l/gkUY,2015-10-29T06:42:17+0000,925181104227804
http://f-st.co/67yS6jR,2015-10-14T18:17:39+0000,10203950092071771
http://www.helpforheroes.org.uk/how-we-help/other-charities/mental-health/,2015-10-14T11:05:52+0000,177022485981493
http://t.co/9gktJPddMB,2015-10-02T13:20:12+0000,10153246960237135
http://t.co/9gktJPddMB,2015-10-02T13:20:12+0000,10156362580135515
http://blog.onradpad.com/employees-are-paying-this-much-to-live-next-to-unicorns-in-sf/,2015-10-01T00:14:56+0000,10153713299001287
https://t.co/8zlWGnuMoI,2015-09-29T21:10:23+0000,10156192119920567
https://t.co/8zlWGnuMoI,2015-09-29T21:10:23+0000,10153458076280668
https://t.co/8zlWGnuMoI,2015-09-29T21:10:23+0000,10153246960237135
https://t.co/8zlWGnuMoI,2015-09-29T21:10:23+0000,10153855032083203
https://t.co/8zlWGnuMoI,2015-09-29T21:10:23+0000,10154431387384816
http://www.telegraph.co.uk/sport/rugbyunion/international/england/11895597/Rugby-World-Cup-2015-Stuart-Lancasters-substitutions-cost-England-against-Wales-says-Clive-Woodward.html,2015-09-29T17:00:30+0000,10154345283492788
http://www.telegraph.co.uk/sport/rugbyunion/international/england/11895597/Rugby-World-Cup-2015-Stuart-Lancasters-substitutions-cost-England-against-Wales-says-Clive-Woodward.html,2015-09-29T17:00:30+0000,10153246960237135
http://www.telegraph.co.uk/sport/rugbyunion/international/england/11895597/Rugby-World-Cup-2015-Stuart-Lancasters-substitutions-cost-England-against-Wales-says-Clive-Woodward.html,2015-09-29T17:00:30+0000,10153125925771604
http://t.co/68FSMUUxfB,2015-09-26T22:45:32+0000,10153304906567749
http://t.co/q6ZaBMyQ9E,2015-09-24T17:59:01+0000,1664891940419109
http://gu.com/p/4c5p8/stw,2015-09-05T23:00:29+0000,10153246960237135
http://gu.com/p/4c5p8/stw,2015-09-05T23:00:29+0000,10100584573074904
http://bit.ly/1P4Df5G,2015-08-11T21:13:03+0000,10153250980550737
http://bit.ly/1P4Df5G,2015-08-11T21:13:03+0000,10153414035214107
http://t.co/AIKQLdbp4u,2015-08-11T07:20:20+0000,10153777882252556
http://t.co/DfTksfVE2T,2015-08-11T07:20:20+0000,10153777882252556
http://blog.startupcompass.co/the-2015-global-startup-ecosystem-ranking-is-live,2015-07-27T22:09:52+0000,1020799557983894
http://blog.startupcompass.co/the-2015-global-startup-ecosystem-ranking-is-live,2015-07-27T22:09:52+0000,10153713299001287
http://t.co/C8EXALwW9N,2015-07-23T21:45:40+0000,10156192119920567
http://t.co/yyzRMGvl4G,2015-07-23T21:45:40+0000,10156192119920567
http://t.co/C8EXALwW9N,2015-07-23T21:45:40+0000,10156392618160128
http://t.co/yyzRMGvl4G,2015-07-23T21:45:40+0000,10156392618160128
https://itun.es/gb/uWw76,2015-07-17T11:48:26+0000,1638901543040934
http://www.zacgoldsmith.com/zac-goldsmith-response-to-the-airports-commission-report/,2015-07-01T10:10:25+0000,10156192119920567
http://www.zacgoldsmith.com/zac-goldsmith-response-to-the-airports-commission-report/,2015-07-01T10:10:25+0000,932785693462332
https://www.youtube.com/watch?v=JybXEp7k7XU,2015-06-29T22:13:50+0000,943900505691355
https://www.youtube.com/watch?v=JybXEp7k7XU,2015-06-29T22:13:50+0000,10156192119920567
https://www.youtube.com/watch?v=JybXEp7k7XU,2015-06-29T22:13:50+0000,10154054694455166
https://www.youtube.com/watch?v=JybXEp7k7XU,2015-06-29T22:13:50+0000,10153791290112938
http://t.co/oG5JZSaxvh,2015-06-24T15:28:28+0000,10156192119920567
http://t.co/XNr5SkIzTH,2015-06-24T15:28:28+0000,10156192119920567
http://t.co/oG5JZSaxvh,2015-06-24T15:28:28+0000,10156310043920581
http://t.co/XNr5SkIzTH,2015-06-24T15:28:28+0000,10156310043920581
http://www.newsweek.com/could-5-day-fasting-diet-prolong-you-life-346126,2015-06-23T22:30:52+0000,1498070113831432
http://www.newsweek.com/could-5-day-fasting-diet-prolong-you-life-346126,2015-06-23T22:30:52+0000,10153677067896885
http://youtu.be/WVR476WHmR8,2015-05-25T20:04:53+0000,10156246874450153
http://www.telegraph.co.uk/news/newstopics/eureferendum/11627618/EU-referendum-Foreigners-barred-from-historic-vote.html,2015-05-25T15:12:10+0000,10156192119920567
http://www.telegraph.co.uk/news/newstopics/eureferendum/11627618/EU-referendum-Foreigners-barred-from-historic-vote.html,2015-05-25T15:12:10+0000,10153426655147830
http://www.telegraph.co.uk/news/newstopics/eureferendum/11627618/EU-referendum-Foreigners-barred-from-historic-vote.html,2015-05-25T15:12:10+0000,10156235906065705
http://www.telegraph.co.uk/news/newstopics/eureferendum/11627618/EU-referendum-Foreigners-barred-from-historic-vote.html,2015-05-25T15:12:10+0000,10208189900687963
http://www.telegraph.co.uk/news/newstopics/eureferendum/11627618/EU-referendum-Foreigners-barred-from-historic-vote.html,2015-05-25T15:12:10+0000,10153865855889113
http://t.co/o0ceA76ZqX,2015-05-07T08:44:52+0000,1498070113831432
https://www.youtube.com/watch?v=yKORsrlN-2k,2015-05-02T09:59:54+0000,10156192119920567
https://www.youtube.com/watch?v=yKORsrlN-2k,2015-05-02T09:59:54+0000,10153246960237135
https://www.youtube.com/watch?v=yKORsrlN-2k,2015-05-02T09:59:54+0000,10100327424642200
https://www.youtube.com/watch?v=yKORsrlN-2k,2015-05-02T09:59:54+0000,1020799557983894
https://www.youtube.com/watch?v=yKORsrlN-2k,2015-05-02T09:59:54+0000,10153713299001287
http://www.teslamotors.com/presskit/teslaenergy?via=newsletter&source=CSAMedition,2015-05-02T09:58:41+0000,10156192119920567
http://www.teslamotors.com/presskit/teslaenergy?via=newsletter&source=CSAMedition,2015-05-02T09:58:41+0000,10153796213441563
http://www.teslamotors.com/presskit/teslaenergy?via=newsletter&source=CSAMedition,2015-05-02T09:58:41+0000,10153713299001287
http://www.teslamotors.com/presskit/teslaenergy?via=newsletter&source=CSAMedition,2015-05-02T09:58:41+0000,1001896456536355
http://www.standard.co.uk/lifestyle/death-of-the-hipster-why-london-decided-to-move-on-from-beards-beanies-and-fixie-bikes-10178615.html,2015-04-16T17:20:04+0000,10153710676052856
http://www.standard.co.uk/lifestyle/death-of-the-hipster-why-london-decided-to-move-on-from-beards-beanies-and-fixie-bikes-10178615.html,2015-04-16T17:20:04+0000,10207542893265774
http://t.co/hEu7cDZod1,2015-04-02T09:28:31+0000,10153406176406478
http://t.co/MHMQjMmSBf,2015-04-02T09:28:31+0000,10153406176406478
https://twitter.com/paulcoxon/status/583175602158604288,2015-04-01T10:32:43+0000,10153252569765808
https://twitter.com/paulcoxon/status/583175602158604288,2015-04-01T10:32:43+0000,10153246960237135
https://twitter.com/paulcoxon/status/583175602158604288,2015-04-01T10:32:43+0000,10153356320114220
https://twitter.com/paulcoxon/status/583175602158604288,2015-04-01T10:32:43+0000,10156192119920567
https://twitter.com/paulcoxon/status/583175602158604288,2015-04-01T10:32:43+0000,10153078237335989
https://twitter.com/paulcoxon/status/583175602158604288,2015-04-01T10:32:43+0000,10153713299001287
https://twitter.com/paulcoxon/status/583175602158604288,2015-04-01T10:32:43+0000,1514501122181111
http://www.interstellarlive.com,2015-03-29T00:01:47+0000,10153696085222357
http://t.co/yeplW2S9qg,2015-03-29T00:01:47+0000,10153696085222357
http://digitalsynopsis.com/inspiration/never-too-late-start-venture/,2015-03-26T15:28:19+0000,790915444365314
http://digitalsynopsis.com/inspiration/never-too-late-start-venture/,2015-03-26T15:28:19+0000,436397146555710
http://digitalsynopsis.com/inspiration/never-too-late-start-venture/,2015-03-26T15:28:19+0000,10153595242650020
http://digitalsynopsis.com/inspiration/never-too-late-start-venture/,2015-03-26T15:28:19+0000,10208701732646126
http://digitalsynopsis.com/inspiration/never-too-late-start-venture/,2015-03-26T15:28:19+0000,10153869336927664
http://digitalsynopsis.com/inspiration/never-too-late-start-venture/,2015-03-26T15:28:19+0000,907780989307529
http://digitalsynopsis.com/inspiration/never-too-late-start-venture/,2015-03-26T15:28:19+0000,10153713299001287
http://digitalsynopsis.com/inspiration/never-too-late-start-venture/,2015-03-26T15:28:19+0000,10153679844244536
http://t.co/NPTK1odbia,2015-03-21T21:07:03+0000,10156246874450153
http://t.co/Az1y5HHvMk,2015-03-21T08:22:29+0000,10156192119920567
http://t.co/Y2qCzMwPEN,2015-03-21T08:22:29+0000,10156192119920567
http://t.co/Az1y5HHvMk,2015-03-21T08:22:29+0000,10156246874450153
http://t.co/Y2qCzMwPEN,2015-03-21T08:22:29+0000,10156246874450153
https://www.youtube.com/watch?v=Jim-ksScOoc,2015-03-21T07:52:45+0000,10156192119920567
https://www.youtube.com/watch?v=Jim-ksScOoc,2015-03-21T07:52:45+0000,10153406176406478
https://www.youtube.com/watch?v=Jim-ksScOoc,2015-03-21T07:52:45+0000,10156246874450153
http://t.co/Cfz7x3d0mD,2015-03-14T11:30:59+0000,943900505691355
http://t.co/Jo8BHoQUWx,2015-03-14T11:12:53+0000,10156246874450153
http://t.co/WlBwXzBVDQ,2015-03-14T11:12:53+0000,10156246874450153
http://t.co/PFbIiAOAXz,2015-03-13T13:09:28+0000,10156246874450153
http://t.co/ZL56Ct0qlU,2015-03-07T15:13:20+0000,10154054694455166
http://www.standard.co.uk/lifestyle/foodanddrink/10-best-sugarfree-treats-10049380.html,2015-02-25T10:18:39+0000,1638901543040934
http://www.standard.co.uk/lifestyle/foodanddrink/10-best-sugarfree-treats-10049380.html,2015-02-25T10:18:39+0000,10153744679001575
https://www.uber.com/invite/uberzuckdna,2015-02-17T19:58:17+0000,1638901543040934
https://t.co/ORT18TZpa0,2015-02-13T12:20:03+0000,10153406176406478
http://m.fastcompany.com/3041647/most-innovative-companies-2015/the-worlds-top-10-most-innovative-companies-of-2015-in-food?utm_content=buffer6b575&utm_medium=social&utm_source=facebook.com&utm_campaign=buffer,2015-02-10T22:19:54+0000,1655461678055101
https://www.kickstarter.com/projects/jsa-uk/space-lounges-the-next-generation-coffee-lounge/description,2015-02-06T13:49:04+0000,10153713299001287
http://on.ft.com/1DCJmIF,2015-02-06T12:33:44+0000,1677951372480042
